country,continents,governments,languages,currencies,border_count
http://www.wikidata.org/entity/Q258,Africa,apartheid | representative democracy | parliamentary republic,English | Zulu | Xhosa | Afrikaans | Venda | Northern Sotho | Swazi | Tswana | Tsonga | Sesotho | Southern Ndebele | South African Sign Language,rand,6
http://www.wikidata.org/entity/Q668,Asia,republic | federal republic | constitutional republic | democratic republic,English | Hindi,Indian rupee,9
http://www.wikidata.org/entity/Q262,Africa,semi-presidential system | people's republic,Arabic | Standard Algerian Berber,Algerian dinar,9
http://www.wikidata.org/entity/Q265,Asia,presidential system,Uzbek,Uzbek som,5
http://www.wikidata.org/entity/Q298,South America,democratic republic,Spanish,Chilean peso,3
http://www.wikidata.org/entity/Q334,Asia,parliamentary republic,English | Tamil | Malay | Standard Chinese,Singapore dollar,2
http://www.wikidata.org/entity/Q347,Europe,constitutional monarchy,German,Swiss franc,3
http://www.wikidata.org/entity/Q398,Asia,constitutional monarchy,Arabic,Bahraini dinar,2
http://www.wikidata.org/entity/Q399,Asia,republic | parliamentary system | unitary state,Armenian,Armenian dram,4
http://www.wikidata.org/entity/Q403,Europe,,Serbian,Serbian dinar,10
http://www.wikidata.org/entity/Q408,Oceania,constitutional monarchy | federation | representative democracy,Auslan | Australian English,Australian dollar,7
http://www.wikidata.org/entity/Q414,South America,federal republic,Spanish,Argentine convertible peso,6
http://www.wikidata.org/entity/Q419,South America,presidential system,Spanish | Aymara | Quechua,Nuevo sol,6
http://www.wikidata.org/entity/Q423,Asia,republic | one-party state | unitary state | Juche | socialist state | family dictatorship | communist dictatorship,Korean | North Korean standard language,North Korean won,3
http://www.wikidata.org/entity/Q424,Asia,constitutional monarchy,Khmer,riel,4
http://www.wikidata.org/entity/Q574,Asia,republic | semi-presidential system | unitary state,Portuguese | Tetum,United States dollar | East Timor centavo coins,2
http://www.wikidata.org/entity/Q657,Africa,,French | Arabic,Central African CFA franc,7
http://www.wikidata.org/entity/Q664,Oceania,parliamentary monarchy,English | New Zealand Sign Language | Māori,New Zealand dollar,1
http://www.wikidata.org/entity/Q678,Oceania,,English | Tongan,Tongan paʻanga,1
http://www.wikidata.org/entity/Q683,Oceania,,English | Samoan,Samoan tālā,1
http://www.wikidata.org/entity/Q685,Insular Oceania | Oceania,,English,Solomon Islands dollar,5
http://www.wikidata.org/entity/Q686,Insular Oceania,,French | English | Bislama,Vanuatu vatus,2
http://www.wikidata.org/entity/Q691,Oceania,,English | Hiri Motu | Tok Pisin | Papua New Guinean Sign Language,kina,4
http://www.wikidata.org/entity/Q695,Insular Oceania | Oceania,,English | Japanese | Palauan,United States dollar,3
http://www.wikidata.org/entity/Q697,Oceania,,English | Nauruan,Australian dollar,0
http://www.wikidata.org/entity/Q702,Oceania,federal republic,English,United States dollar,3
http://www.wikidata.org/entity/Q709,Oceania,,English | Marshallese,United States dollar | SOV,4
http://www.wikidata.org/entity/Q710,Insular Oceania | Oceania,,English | Gilbertese,Australian dollar | Kiribati dollar,2
http://www.wikidata.org/entity/Q711,Asia,parliamentary system,Mongolian,Mongolian tögrög,2
http://www.wikidata.org/entity/Q712,Insular Oceania,,English | Fijian | Fiji Hindi,Fijian dollar,1
http://www.wikidata.org/entity/Q717,South America,presidential system | federal republic,Spanish | Venezuelan Sign Language,sovereign bolivar,16
http://www.wikidata.org/entity/Q794,Asia,presidential system | unitary state | Islamic Republic | islamic theocracy,Persian,Iranian rial,14
http://www.wikidata.org/entity/Q796,Asia,federation | federal republic,Arabic | Kurdish,Iraqi dinar,6
http://www.wikidata.org/entity/Q800,North America,,Spanish,Costa Rican colón,2
http://www.wikidata.org/entity/Q804,North America,presidential system,Spanish,United States dollar | Panamanian balboa,3
http://www.wikidata.org/entity/Q805,Asia,republic | presidential system,Arabic,Yemeni Rial,2
http://www.wikidata.org/entity/Q810,Asia,,Arabic,Jordanian dinar,6
http://www.wikidata.org/entity/Q811,North America,republic,Spanish,Nicaraguan córdoba,3
http://www.wikidata.org/entity/Q730,South America,republic,Dutch,Surinamese dollar,3
http://www.wikidata.org/entity/Q733,South America,,Spanish | Guarani,Paraguayan guaraní,3
http://www.wikidata.org/entity/Q734,South America,parliamentary republic,English,Guyanese dollar,3
http://www.wikidata.org/entity/Q736,South America,republic | presidential system,Spanish | Shuar | Northern Quichua,United States dollar,2
http://www.wikidata.org/entity/Q739,South America,republic,Spanish,Colombian peso,6
http://www.wikidata.org/entity/Q750,South America,republic | parliamentary republic,Spanish | Aymara | Quechua | Guarani,boliviano,5
http://www.wikidata.org/entity/Q754,North America,parliamentary republic,English,Trinidad and Tobago dollar,1
http://www.wikidata.org/entity/Q757,North America,constitutional monarchy,English,Eastern Caribbean dollar,1
http://www.wikidata.org/entity/Q760,North America,constitutional monarchy,English,Eastern Caribbean dollar,1
http://www.wikidata.org/entity/Q763,North America,constitutional monarchy | federal monarchy,English,Eastern Caribbean dollar,2
http://www.wikidata.org/entity/Q766,North America,,English | Jamaican Patois,Jamaican dollar,1
http://www.wikidata.org/entity/Q769,North America,,English | Grenadian Creole English,Eastern Caribbean dollar,1
http://www.wikidata.org/entity/Q774,North America,presidential system | representative democracy,Spanish,quetzal,4
http://www.wikidata.org/entity/Q778,North America,constitutional monarchy,English,Bahamian dollar,3
http://www.wikidata.org/entity/Q781,North America,constitutional monarchy,English,Eastern Caribbean dollar,2
http://www.wikidata.org/entity/Q783,North America,republic,Spanish,Honduran lempira,3
http://www.wikidata.org/entity/Q784,North America,,English,Eastern Caribbean dollar,1
http://www.wikidata.org/entity/Q786,North America,,Spanish,Dominican peso,4
http://www.wikidata.org/entity/Q790,North America,,French | Haitian Creole,gourde,3
http://www.wikidata.org/entity/Q792,North America,republic | presidential system | representative democracy,Spanish,United States dollar | Bitcoin,2
http://www.wikidata.org/entity/Q183,Europe,parliamentary republic | federal parliamentary republic | federation | republic,German,euro,9
http://www.wikidata.org/entity/Q184,Europe,republic | presidential system,Russian | Belarusian,Belarusian ruble,6
http://www.wikidata.org/entity/Q189,Europe,parliamentary republic,Icelandic,Icelandic króna,3
http://www.wikidata.org/entity/Q191,Europe,parliamentary republic,Estonian,euro,2
http://www.wikidata.org/entity/Q211,Europe,republic | parliamentary republic,Latvian,euro,5
http://www.wikidata.org/entity/Q212,Europe,semi-presidential system,Ukrainian,hryvnia,8
http://www.wikidata.org/entity/Q213,Europe,parliamentary republic,Czech,Czech koruna,4
http://www.wikidata.org/entity/Q214,Europe,parliamentary republic,Slovak,euro,5
http://www.wikidata.org/entity/Q215,Europe,democratic republic,Slovene,euro,4
http://www.wikidata.org/entity/Q217,Europe,parliamentary republic,Romanian,Moldovan leu,2
http://www.wikidata.org/entity/Q218,Europe,semi-presidential system,Romanian,Romanian Leu,5
http://www.wikidata.org/entity/Q219,Europe,parliamentary republic,Bulgarian,euro,6
http://www.wikidata.org/entity/Q221,Europe,parliamentary republic,Albanian | Macedonian,Macedonian denar,6
http://www.wikidata.org/entity/Q222,Europe,parliamentary system,Albanian,Albanian lek,6
http://www.wikidata.org/entity/Q224,Europe,republic,Croatian,euro,6
http://www.wikidata.org/entity/Q225,Europe,republic | federal republic,Croatian | Serbian | Bosnian,convertible mark,4
http://www.wikidata.org/entity/Q227,Asia,republic | semi-presidential system | unitary state,Azerbaijani | Azerbaijani Sign Language,Azerbaijani manat,5
http://www.wikidata.org/entity/Q228,Europe,parliamentary coprincipality,Catalan,euro,3
http://www.wikidata.org/entity/Q229,Europe,republic | presidential system,Turkish | Greek | Modern Greek,euro,6
http://www.wikidata.org/entity/Q230,Europe,semi-presidential system | unitary state | parliamentary republic,Abkhaz | Georgian,Georgian lari,4
http://www.wikidata.org/entity/Q232,Europe | Asia,presidential system,Russian | Kazakh,Kazakhstani tenge,5
http://www.wikidata.org/entity/Q233,Europe,parliamentary democracy,English | Maltese,euro,1
http://www.wikidata.org/entity/Q235,Europe,constitutional monarchy | hereditary monarchy,French,euro,1
http://www.wikidata.org/entity/Q236,Europe,republic,Montenegrin,euro,6
http://www.wikidata.org/entity/Q237,Europe,papacy,Latin | Italian,euro,2
http://www.wikidata.org/entity/Q238,Europe,diarchy | parliamentary republic,Italian,euro,2
http://www.wikidata.org/entity/Q241,North America,unitary state,Spanish,Cuban peso,2
http://www.wikidata.org/entity/Q242,North America,constitutional monarchy | parliamentary monarchy,English,Belize dollar,3
http://www.wikidata.org/entity/Q1016,Africa,republic,Arabic,Libyan dinar,7
http://www.wikidata.org/entity/Q1019,Africa,republic,French | Malagasy,ariary,4
http://www.wikidata.org/entity/Q1020,Africa,,English | Chewa | Tumbuka,Malawian kwacha,3
http://www.wikidata.org/entity/Q1025,Africa,,Arabic,Mauritanian ouguiya,4
http://www.wikidata.org/entity/Q1027,Africa,parliamentary republic,French | English,Mauritian rupee,3
http://www.wikidata.org/entity/Q1028,Africa,constitutional monarchy,Arabic | Standard Moroccan Tamazight,Moroccan dirham,4
http://www.wikidata.org/entity/Q1029,Africa,,Portuguese,Mozambican metical,7
http://www.wikidata.org/entity/Q1030,Africa,,English,rand | Namibian dollar,4
http://www.wikidata.org/entity/Q1032,Africa,,Hausa,West African CFA franc,8
http://www.wikidata.org/entity/Q1033,Africa,federal republic,English,naira,5
http://www.wikidata.org/entity/Q1036,Africa,presidential system,English | Swahili,Ugandan shilling,7
http://www.wikidata.org/entity/Q1037,Africa,semi-presidential system,French | English | Swahili | Kinyarwanda,Rwandan franc,4
http://www.wikidata.org/entity/Q1039,Africa,,Portuguese,São Tomé and Príncipe dobra,3
http://www.wikidata.org/entity/Q1041,Africa,presidential system,French | Wolof | Balanta | Badyara,West African CFA franc,6
http://www.wikidata.org/entity/Q1042,Africa,,French | English | Seychellois Creole,Seychellois rupee,5
http://www.wikidata.org/entity/Q1044,Africa,presidential system,English | Krio,leone,2
http://www.wikidata.org/entity/Q1045,Africa,federal republic,Somali | Arabic,Somali shilling,3
http://www.wikidata.org/entity/Q1049,Africa,federal republic,English | Arabic,Sudanese pound,12
http://www.wikidata.org/entity/Q1050,Africa,absolute monarchy,English | Swazi,lilangeni,2
http://www.wikidata.org/entity/Q29999,Europe,constitutional monarchy,Dutch,euro | United States dollar | Aruban florin | Caribbean guilder,5
http://www.wikidata.org/entity/Q244,North America,unitary state | parliamentary republic,English | Bajan Creole,Barbadian dollar,0
http://www.wikidata.org/entity/Q252,Asia,republic | presidential system,Indonesian,rupiah,10
http://www.wikidata.org/entity/Q963,Africa,parliamentary republic,English,Botswana pula,4
http://www.wikidata.org/entity/Q965,Africa,republic | military junta,Dioula | Bissa | Mooré,West African CFA franc,6
http://www.wikidata.org/entity/Q967,Africa,presidential system | representative democracy,French | English | Kirundi,Burundian franc,3
http://www.wikidata.org/entity/Q970,Africa,federal republic,French | Arabic | Comorian,Comorian franc,5
http://www.wikidata.org/entity/Q971,Africa,parliamentary republic,French,Central African CFA franc,5
http://www.wikidata.org/entity/Q974,Africa,republic,French,Congolese franc,11
http://www.wikidata.org/entity/Q977,Africa,,French | Arabic,Djiboutian franc,3
http://www.wikidata.org/entity/Q983,Africa,,French | Spanish | Portuguese,Central African CFA franc,3
http://www.wikidata.org/entity/Q986,Africa,,English | Arabic | Tigrinya,nakfa,4
http://www.wikidata.org/entity/Q1000,Africa,republic,French,Central African CFA franc,5
http://www.wikidata.org/entity/Q1005,Africa,republic,English,dalasi,1
http://www.wikidata.org/entity/Q1006,Africa,republic,French | languages of Guinea,Guinean franc,6
http://www.wikidata.org/entity/Q1007,Africa,,Portuguese,West African CFA franc,2
http://www.wikidata.org/entity/Q1008,Africa,republic,French,West African CFA franc,5
http://www.wikidata.org/entity/Q1009,Africa,republic,French | English,Central African CFA franc,6
http://www.wikidata.org/entity/Q1011,Africa,parliamentary republic,Portuguese | Cape Verdean Creole,Cape Verdean escudo,0
http://www.wikidata.org/entity/Q1013,Africa,constitutional monarchy,English | Sesotho,rand | loti,1
http://www.wikidata.org/entity/Q1014,Africa,republic | presidential system | constitutional republic | Herrenvolk democracy,English,Liberian dollar,3
http://www.wikidata.org/entity/Q889,Asia,unitary state | Emirate | islamic theocracy,Uzbek | Turkmen | Arabic | Balochi | Pashayi | Pashto | Nuristani | Dari | Pamir,afghani,6
http://www.wikidata.org/entity/Q902,Asia,Westminster system | parliamentary republic,Bangla,Bangladeshi taka,2
http://www.wikidata.org/entity/Q912,Africa,,Bambara | Fula | Senufo | Bozo | Maninka | Minyanka | Soninke | Kassonke | Hassaniya Arabic | Songhay | Dogon | Tamasheq | Bobo,West African CFA franc,7
http://www.wikidata.org/entity/Q916,Africa,republic | presidential system,Portuguese,kwanza,5
http://www.wikidata.org/entity/Q917,Asia,constitutional monarchy,Dzongkha,ngultrum,2
http://www.wikidata.org/entity/Q921,Asia,unitary state | absolute monarchy | Islamic state,British English | Malay,Brunei dollar,1
http://www.wikidata.org/entity/Q924,Africa,,English | Swahili,Tanzanian shilling,10
http://www.wikidata.org/entity/Q928,Asia,republic,English | Filipino | Taglish,Philippine peso,6
http://www.wikidata.org/entity/Q954,Africa,,Northern Ndebele | Nambya | Zimbabwe Sign Language | Barwe | English | Xhosa | Ndau | Venda | Chewa | Khoisan | Kalanga | Shona | Tonga | Tswana | Tsonga | Sesotho,euro | United States dollar | yen | pound sterling | renminbi | Indian rupee | rand | Zimbabwean dollar | Australian dollar | Zimbabwe ZiG,4
http://www.wikidata.org/entity/Q929,Africa,,French | Sango,Central African CFA franc,7
http://www.wikidata.org/entity/Q945,Africa,,French,West African CFA franc,4
http://www.wikidata.org/entity/Q948,Africa,semi-presidential system | parliamentary republic,Arabic,Tunisian dinar,2
http://www.wikidata.org/entity/Q953,Africa,presidential system | representative democracy,English,Zambian Kwacha,8
http://www.wikidata.org/entity/Q833,Asia,federation | elective monarchy | federal monarchy | parliamentary monarchy | constitutional monarchy,Malay,Malaysian ringgit,5
http://www.wikidata.org/entity/Q836,Asia,republic,Burmese,kyat,5
http://www.wikidata.org/entity/Q837,Asia,people's republic | federal republic,Nepali,Nepalese rupee,2
http://www.wikidata.org/entity/Q842,Asia,absolute monarchy,Arabic,Omani rial,4
http://www.wikidata.org/entity/Q843,Asia,federal republic | parliamentary republic,Urdu | English,Pakistani rupee,4
http://www.wikidata.org/entity/Q846,Asia,constitutional monarchy,Arabic,Qatari riyal,2
http://www.wikidata.org/entity/Q851,Asia,monarchy | absolute monarchy | islamic theocracy,Arabic,Saudi riyal,10
http://www.wikidata.org/entity/Q854,Asia,republic,Tamil | Sinhala,Sri Lankan rupee,1
http://www.wikidata.org/entity/Q858,Asia,provisional government,Arabic,Syrian pound,5
http://www.wikidata.org/entity/Q863,Asia,presidential system,Tajik,Tajikistani somoni,4
http://www.wikidata.org/entity/Q865,Asia,democracy | semi-presidential system | constitutional republic,Taiwanese Sign Language | Amis | Taiwanese Hokkien | Rukai | Bunun | Kanakanavu | Standard Taiwanese Mandarin | Paiwan | Yami | Atayal | Saaroa | Kavalan | Tsou | Seediq | Puyuma | Saisiyat | Q718269 | Taiwanese Hakka | Truku | Matsu dialect | Kinmen dialect | Wuqiu dialect,New Taiwan dollar,3
http://www.wikidata.org/entity/Q869,Asia,constitutional monarchy | parliamentary monarchy,Thai,baht,4
http://www.wikidata.org/entity/Q874,Asia,republic | presidential system,Turkmen,Turkmenistan new manat,4
http://www.wikidata.org/entity/Q878,Asia,constitutional monarchy | absolute monarchy | federal monarchy,Arabic,United Arab Emirates dirham,3
http://www.wikidata.org/entity/Q881,Asia,republic | one-party state | unitary state,Vietnamese,Vietnamese đồng,3
http://www.wikidata.org/entity/Q884,Asia,republic | presidential system,Korean | Korean Sign Language,won | Korean mun,3
http://www.wikidata.org/entity/Q33,Europe,parliamentary republic,Swedish | Finnish,euro,3
http://www.wikidata.org/entity/Q34,Europe,constitutional monarchy | representative democracy,Swedish,Swedish krona,3
http://www.wikidata.org/entity/Q36,Europe,semi-presidential system | parliamentary system | unitary state,Polish,złoty,7
http://www.wikidata.org/entity/Q37,Europe,semi-presidential system | parliamentary republic,Lithuanian,euro,5
http://www.wikidata.org/entity/Q38,Europe,parliamentary republic,Italian,euro,7
http://www.wikidata.org/entity/Q39,Europe,federal republic | directorial system,French | German | Italian | Romansh,Swiss franc,6
http://www.wikidata.org/entity/Q40,Europe,republic | semi-presidential system | federal parliamentary republic,German | Austrian Sign Language,euro,8
http://www.wikidata.org/entity/Q41,Europe,parliamentary republic,Greek | Demotic Greek | Modern Greek,euro,4
http://www.wikidata.org/entity/Q43,Asia,presidential system | unitary state,Turkish,Turkish lira,10
http://www.wikidata.org/entity/Q45,Europe,republic,Portuguese | Mirandese,euro,1
http://www.wikidata.org/entity/Q77,South America,republic | presidential system | participatory democracy,,Uruguayan peso,2
http://www.wikidata.org/entity/Q79,Africa,republic,Arabic,Egyptian pound,6
http://www.wikidata.org/entity/Q96,North America,empire | presidential system | federal republic | constitutional republic | democratic republic,Spanish | Nahuatl | Yucatec Maya,peso,3
http://www.wikidata.org/entity/Q16,North America,constitutional monarchy | federation | parliamentary system,French | English,Canadian dollar,2
http://www.wikidata.org/entity/Q17,Asia,constitutional monarchy,Japanese,yen,6
http://www.wikidata.org/entity/Q20,Europe,constitutional monarchy | representative democracy,Norwegian | Nynorsk | Bokmål | Sámi,Norwegian krone,4
http://www.wikidata.org/entity/Q27,Europe,republic | unitary state,English | Irish,euro,2
http://www.wikidata.org/entity/Q28,Europe,parliamentary republic,Hungarian,forint,7
http://www.wikidata.org/entity/Q29,Europe,parliamentary monarchy,Spanish,euro,5
http://www.wikidata.org/entity/Q30,North America,constitutional republic | democratic republic,Spanish | Hawaiian,United States dollar,2
http://www.wikidata.org/entity/Q31,Europe,federation,French | German | Dutch,euro,4
http://www.wikidata.org/entity/Q32,Europe,constitutional monarchy,French | German | Luxembourgish,euro,3
http://www.wikidata.org/entity/Q114,Africa,,English | Swahili,Kenyan shilling,8
http://www.wikidata.org/entity/Q115,Africa,federal republic,Amharic,bir,8
http://www.wikidata.org/entity/Q117,Africa,democracy,English,Ghana cedi,3
http://www.wikidata.org/entity/Q142,Europe,semi-presidential system,French,euro | CFP Franc,11
http://www.wikidata.org/entity/Q145,Europe,constitutional monarchy,English,pound sterling,1
http://www.wikidata.org/entity/Q148,Asia,republic | one-party state | unitary state | democratic centralism | constitutional republic | parliamentary republic | communist dictatorship,Putonghua,renminbi,16
http://www.wikidata.org/entity/Q672,Insular Oceania | Oceania,,English | Tuvaluan,Tuvaluan dollar | Australian dollar,0
http://www.wikidata.org/entity/Q813,Asia,parliamentary republic,Kyrgyz,Kyrgyz som,4
http://www.wikidata.org/entity/Q817,Asia,constitutional monarchy,Arabic,Kuwaiti dinar,4
http://www.wikidata.org/entity/Q819,Asia,people's republic | communist dictatorship,Lao,Lao kip,5
http://www.wikidata.org/entity/Q822,Asia,parliamentary republic,Arabic,Lebanese pound,2
http://www.wikidata.org/entity/Q826,Asia,,Maldivian,Maldivian rufiyaa,1
http://www.wikidata.org/entity/Q155,South America,federal republic | presidential system | representative democracy,Portuguese,Brazilian real,11
http://www.wikidata.org/entity/Q159,Europe,super-presidential republic,Russian,Russian ruble,18
http://www.wikidata.org/entity/Q958,Africa,federal republic,English,South Sudanese pound,7
http://www.wikidata.org/entity/Q962,Africa,republic,French,West African CFA franc,4
http://www.wikidata.org/entity/Q219060,Asia,parliamentary republic,Arabic,new shekel,3
